<?xml version="1.0" encoding="UTF-8"?>
<project-private xmlns="http://www.netbeans.org/ns/project-private/1">
    <editor-bookmarks xmlns="http://www.netbeans.org/ns/editor-bookmarks/2" lastBookmarkId="0"/>
    <open-files xmlns="http://www.netbeans.org/ns/projectui-open-files/2">
        <group>
            <file>file:/C:/Users/ABHAY/Documents/NetBeansProjects/AasheeProject/src/Capsule_Corp/Choice.java</file>
            <file>file:/C:/Users/ABHAY/Documents/NetBeansProjects/AasheeProject/src/Capsule_Corp/Graph.java</file>
            <file>file:/C:/Users/ABHAY/Documents/NetBeansProjects/AasheeProject/src/Capsule_Corp/Login.java</file>
            <file>file:/C:/Users/ABHAY/Documents/NetBeansProjects/AasheeProject/src/Capsule_Corp/AasheeProject.java</file>
        </group>
    </open-files>
</project-private>
